<?xml version="1.0" encoding="UTF-8"?>
<addon id="plugin.video.ironweb"
version="1.0.3"
name="Iron web ADDON"
provider-name="iron web10">
<requires>
  <import addon="xbmc.python" version="3.0.1"/>
</requires>
<extension point="xbmc.python.pluginsource" library="main.py">
  <provides>video</provides>
</extension>
<extension point="xbmc.addon.metadata">
  <summary lang="en_GB">Iron web TV</summary>
  <description lang="en_GB">A mediacenter.</description>
  <disclaimer lang="en_GB">Made By iron web10.</disclaimer>
  <license>iron web10</license>
  <assets>
    <icon>resources/images/icon.png</icon>
    <fanart>resources/images/fanart.jpg</fanart>
    <screenshot>resources/images/screenshot-1.jpg</screenshot>
    <screenshot>resources/images/screenshot-2.jpg</screenshot>
  </assets>
  <news>Updated with latest artwork metadata</news>
</extension>
</addon>
